text,career
"python sql data analysis excel",Data Analyst
"javascript react html css",Frontend Developer
"php laravel sql api",Backend Developer
"docker aws linux git",DevOps Engineer
"machine learning python pandas",ML Engineer
"python pandas numpy data analysis",Data Analyst
"react javascript css frontend ui",Frontend Developer
"laravel php mysql api backend",Backend Developer
"aws docker kubernetes devops",DevOps Engineer
"tensorflow keras deep learning python",ML Engineer
"python sql tableau visualization",Data Analyst
"vue js html css responsive",Frontend Developer
"python django rest api",Backend Developer
"jenkins ansible CI CD pipeline",DevOps Engineer
"python scikit learn machine learning",ML Engineer
"excel powerbi data reporting",Data Analyst
"angular typescript rxjs",Frontend Developer
"node js express mongodb",Backend Developer
"gcp cloud infrastructure",DevOps Engineer
"nlp natural language processing python",ML Engineer
"sql server etl data warehouse",Data Analyst
"react native mobile development",Frontend Developer
"spring boot java microservices",Backend Developer
"terraform cloudformation aws",DevOps Engineer
"pytorch deep learning neural networks",ML Engineer
"statistics visualization data mining",Data Analyst
"bootstrap material ui css",Frontend Developer
"ruby rails postgres api",Backend Developer
"azure devops CI CD",DevOps Engineer
"computer vision opencv python",ML Engineer
"data cleaning preprocessing python",Data Analyst
"javascript typescript react redux",Frontend Developer
"golang kubernetes docker",Backend Developer
"helm kubernetes monitoring",DevOps Engineer
"reinforcement learning gaming ai",ML Engineer
"tableau dashboard data analytics",Data Analyst
"html sass javascript animation",Frontend Developer
"flask python api development",Backend Developer
"prometheus grafana monitoring",DevOps Engineer
"xgboost lightgbm boosting algorithms",ML Engineer
"business intelligence analytics reporting",Data Analyst
"ui ux design figma",Frontend Developer
"graphql node js apollo",Backend Developer
"splunk siem security monitoring",DevOps Engineer
"neural networks deep learning research",ML Engineer
"etl informatica data integration",Data Analyst
"wordpress php web development",Frontend Developer
"express js RESTful APIs",Backend Developer
"circleci CI CD deployment",DevOps Engineer
"spark scala big data",ML Engineer
"power query data transformation",Data Analyst
